{"schemaVersion":"1.0","appDefinitionTemplate":{"id":"/providers/Microsoft.PowerApps/apps/","type":"Microsoft.PowerApps/apps","tags":{"primaryDeviceWidth":"640","primaryDeviceHeight":"1136","supportsPortrait":"true","supportsLandscape":"false","primaryFormFactor":"Phone","publisherVersion":"3.22122.15","minimumRequiredApiVersion":"2.2.0","hasComponent":"false","hasUnlockedComponent":"false","isUnifiedRootApp":"false","sienaVersion":"20221230T115915Z-3.22122.15.0"},"properties":{"appVersion":"2022-12-30T11:59:15Z","lifeCycleId":"Published","createdByClientVersion":{"major":3,"minor":22122,"build":15,"revision":0,"majorRevision":0,"minorRevision":0},"minClientVersion":{"major":3,"minor":22122,"build":15,"revision":0,"majorRevision":0,"minorRevision":0},"backgroundColor":"RGBA(0,176,240,1)","backgroundImageUri":"/15359529355566605842/Nb9eafa08-e478-4cc8-a001-2fbeb5b555d3-logoSmallFile","displayName":"Help Desk_danlas","description":"","commitMessage":"","appUris":{"documentUri":{"value":"/15359529355566605842/N91e794bf-6fb2-4b20-8f1d-3d496bbb748e-document.msapp"},"imageUris":[],"additionalUris":[]},"createdTime":"0001-01-01T00:00:00Z","lastModifiedTime":"0001-01-01T00:00:00Z","sharedGroupsCount":0,"sharedUsersCount":0,"icons":{"smallIconUri":"/15359529355566605842/N30c28d9a-5454-4b3d-8f10-eecd4b73d0d8-small.png","mediumIconUri":"/15359529355566605842/Nc7a0c57a-9027-404d-8ad0-eee87b54c91c-medium.png","largeIconUri":"/15359529355566605842/Na29c12e3-4841-4ada-9fb3-cf161000f2f4-large.png","wideIconUri":"/15359529355566605842/N0486e656-eea4-4ea0-b260-f96b89d3b5a4-wide.png"},"connectionReferences":{"ff18bc1f-8075-4e48-b5f1-63a22b275810":{"id":"dce7e52e-13cf-4ed8-a523-014f0e4397b3","displayName":"Office 365 Users","iconUri":"https://connectoricons-prod.azureedge.net/releases/v1.0.1611/1.0.1611.3104/office365users/icon.png","dataSources":["Office365Users"],"dependencies":[],"dependents":[],"parameterHints":{},"parameterHintsV2":{},"isOnPremiseConnection":false,"bypassConsent":false,"dataSets":{},"apiTier":"Standard","isCustomApiConnection":false,"actions":["MyProfile","SearchUser"]}},"databaseReferences":{},"almMode":"Environment","performanceOptimizationEnabled":true,"canConsumeAppPass":true,"enableModernRuntimeMode":false,"executionRestrictions":{"isTeamsOnly":false,"dataLossPreventionEvaluationResult":{"status":"Compliant","lastEvaluationDate":"2022-12-30T10:41:52.6183493Z","violations":[],"violationsByPolicy":[],"violationErrorMessage":"The app uses the following connectors: shared_office365users."}}},"appType":"ClassicCanvasApp","appComponents":[]}}